{
	"info": {
		"_postman_id": "0d3808ee-8526-4b73-944c-42b2610dddb9",
		"name": "Minesweeper API",
		"schema": "https://schema.getpostman.com/json/collection/v2.1.0/collection.json"
	},
	"item": [
		{
			"name": "Create event",
			"request": {
				"method": "POST",
				"header": [],
				"body": {
					"mode": "raw",
					"raw": "{\n    \"cellId\": \"{{cellId}}\",\n    \"type\": \"{{eventType}}\"\n}",
					"options": {
						"raw": {
							"language": "json"
						}
					}
				},
				"url": {
					"raw": "{{host}}/api/boards/{{boardId}}/events",
					"host": [
						"{{host}}"
					],
					"path": [
						"api",
						"boards",
						"{{boardId}}",
						"events"
					]
				},
				"description": "Create an event"
			},
			"response": []
		},
		{
			"name": "Create board",
			"request": {
				"method": "POST",
				"header": [],
				"body": {
					"mode": "raw",
					"raw": "{\n    \"numberOfRows\":2,\n    \"numberOfColumns\":3,\n    \"numberOfMines\":4,\n    \"username\": \"juan\"\n}",
					"options": {
						"raw": {
							"language": "json"
						}
					}
				},
				"url": {
					"raw": "{{host}}/api/boards",
					"host": [
						"{{host}}"
					],
					"path": [
						"api",
						"boards"
					]
				},
				"description": "Create a new board"
			},
			"response": []
		},
		{
			"name": "Get board by ID",
			"request": {
				"method": "GET",
				"header": [],
				"url": {
					"raw": "{{host}}/api/boards/{{boardId}}",
					"host": [
						"{{host}}"
					],
					"path": [
						"api",
						"boards",
						"{{boardId}}"
					]
				}
			},
			"response": []
		},
		{
			"name": "Get list of boards",
			"protocolProfileBehavior": {
				"disableBodyPruning": true
			},
			"request": {
				"method": "GET",
				"header": [],
				"body": {
					"mode": "raw",
					"raw": "",
					"options": {
						"raw": {
							"language": "json"
						}
					}
				},
				"url": {
					"raw": "{{host}}/api/boards",
					"host": [
						"{{host}}"
					],
					"path": [
						"api",
						"boards"
					]
				},
				"description": "Optional query string parameter: username"
			},
			"response": []
		}
	],
	"protocolProfileBehavior": {}
}